{"rocList": [0.8709044801352493, 0.8516169544740974, 0.8868880569979471, 0.8719333413838908, 0.8739475908706678, 0.8565245743267722, 0.8664026083806303, 0.8727303465765005, 0.8782997222557662, 0.8655669605120155], "apList": [0.8959373918757773, 0.878032300254032, 0.9070887717327376, 0.899644349853037, 0.8981057962525874, 0.8815800152873214, 0.8915999539872534, 0.8951878224072737, 0.8988582602873274, 0.8840547611971848], "rocList mean": 0.8694814635913538, "apList mean": 0.8930089423134533}