{"rocList": [0.88138147566719, 0.8713488709093105, 0.8631614539306848, 0.8521338002656683, 0.8739910638811738, 0.8701654389566478, 0.870894819466248, 0.8730491486535442, 0.8907281729259753, 0.8672720685907499], "apList": [0.8965733243074547, 0.8913077519313292, 0.8820515509072424, 0.8710607414052394, 0.8928879297028193, 0.8897609467174912, 0.8854093634895284, 0.8912501674628968, 0.9044293906447511, 0.8911951074782257], "rocList mean": 0.8714126313247192, "apList mean": 0.8895926274046977}