{"rocList": [0.9618053066637127, 0.9596299862991828, 0.9593085933936322, 0.9598451815806279, 0.9603833988778688, 0.9634149694053096, 0.9635727894603084, 0.9528205091132428, 0.9599627320667543, 0.9627645980496293], "apList": [0.9628023394625076, 0.9581765614070864, 0.9587396053339341, 0.960581179359054, 0.9612683413600333, 0.9624698549856602, 0.9643584423895719, 0.9524545588424951, 0.9608942529489548, 0.9628358037721271], "rocList mean": 0.9603508064910269, "apList mean": 0.9604580939861425}